{"cameraMode":{"drawMode":0,"name":"Shaded","section":"Shading Mode"},"sceneLighting":true,"audioPlay":false,"sceneViewState":{"m_AlwaysRefresh":false,"showFog":true,"showSkybox":true,"showFlares":true,"showImageEffects":true,"showParticleSystems":true,"showVisualEffectGraphs":true,"m_FxEnabled":true},"in2DMode":false,"pivot":{"x":-10.616415977478028,"y":3.243746280670166,"z":-15.722759246826172},"rotation":{"x":0.39279037714004519,"y":-0.022066693753004075,"z":0.009436999447643757,"w":0.9192589521408081},"size":3.9994518756866457,"orthographic":false}